{"cameraMode":{"drawMode":0,"name":"Shaded","section":"Shading Mode"},"sceneLighting":true,"audioPlay":false,"sceneViewState":{"m_AlwaysRefresh":false,"showFog":true,"showSkybox":true,"showFlares":true,"showImageEffects":true,"showParticleSystems":true,"showVisualEffectGraphs":true,"m_FxEnabled":true},"in2DMode":false,"pivot":{"x":281.2359313964844,"y":192.92820739746095,"z":-414.6178283691406},"rotation":{"x":-0.03916545957326889,"y":-0.013771469704806805,"z":0.005016256123781204,"w":-0.9989290237426758},"size":361.10906982421877,"orthographic":false}